                  epoch,         train/box_loss,         train/cls_loss,         train/dfl_loss,   metrics/precision(B),      metrics/recall(B),       metrics/mAP50(B),    metrics/mAP50-95(B),           val/box_loss,           val/cls_loss,           val/dfl_loss,                 lr/pg0,                 lr/pg1,                 lr/pg2
                      0,                 1.1688,                 3.9993,                 1.4642,                0.33279,                0.36892,                0.27537,                0.21136,                0.84949,                 2.4567,                 1.2907,               0.070326,              0.0032971,              0.0032971
                      1,                0.98563,                  2.327,                 1.3086,                0.45082,                 0.3696,                0.36285,                 0.2658,                 1.0882,                 2.2396,                 1.4831,               0.040217,               0.006521,               0.006521
                      2,                 1.0026,                 2.0726,                  1.318,                0.37976,                0.37781,                0.36259,                0.24392,                 1.1616,                 2.1635,                 1.5994,              0.0099973,               0.009635,               0.009635
                      3,                 1.1127,                 2.0649,                 1.3838,                0.49773,                0.40844,                 0.4024,                0.24047,                  1.275,                 2.4184,                 1.6648,               0.009505,               0.009505,               0.009505
                      4,                 1.1635,                 2.0926,                 1.4188,                0.49266,                0.43059,                0.43131,                0.28775,                 1.2826,                 2.0567,                 1.7333,               0.009505,               0.009505,               0.009505
                      5,                 1.1468,                 1.9629,                 1.4031,                0.57615,                0.47571,                0.50378,                0.33064,                  1.201,                 1.9059,                 1.6061,                0.00934,                0.00934,                0.00934
                      6,                 1.1345,                 1.9285,                 1.3864,                0.51984,                0.39079,                0.40014,                0.26584,                 1.2528,                 2.3264,                 1.6659,               0.009175,               0.009175,               0.009175
                      7,                 1.1142,                 1.8383,                 1.3759,                0.64721,                0.57396,                0.62741,                0.45762,                 1.0782,                 1.6784,                 1.4857,                0.00901,                0.00901,                0.00901
                      8,                  1.097,                 1.7859,                 1.3632,                0.59015,                0.55201,                0.58972,                0.42048,                 1.1229,                 1.7999,                 1.5233,               0.008845,               0.008845,               0.008845
                      9,                 1.0655,                 1.6667,                 1.3413,                0.64205,                0.57172,                0.59705,                0.41154,                  1.052,                 1.6509,                  1.422,                0.00868,                0.00868,                0.00868
                     10,                 1.0355,                 1.6337,                 1.3319,                0.68498,                0.61697,                0.65779,                 0.4862,                 1.0156,                 1.4629,                 1.3996,               0.008515,               0.008515,               0.008515
                     11,                 1.0252,                 1.5723,                 1.3182,                0.69214,                 0.6524,                0.70741,                0.51046,                0.97853,                 1.2737,                 1.3617,                0.00835,                0.00835,                0.00835
                     12,                 1.0208,                 1.5319,                 1.3076,                0.72768,                0.62477,                0.67941,                0.50422,                0.98044,                 1.4013,                 1.3642,               0.008185,               0.008185,               0.008185
                     13,                0.97403,                 1.4862,                 1.2881,                0.72385,                0.63076,                0.69343,                0.52277,                0.91367,                 1.3244,                 1.3212,                0.00802,                0.00802,                0.00802
                     14,                0.98188,                 1.4424,                 1.2814,                0.76988,                0.63446,                0.72212,                 0.5327,                0.91484,                 1.2611,                  1.314,               0.007855,               0.007855,               0.007855
                     15,                0.96244,                 1.3968,                  1.261,                0.80798,                0.66653,                0.74466,                0.57785,                0.90894,                 1.1893,                 1.3099,                0.00769,                0.00769,                0.00769
                     16,                0.94499,                 1.3591,                 1.2598,                0.73781,                0.66412,                0.72985,                0.55225,                0.92641,                 1.2431,                 1.3291,               0.007525,               0.007525,               0.007525
                     17,                0.93267,                 1.3456,                 1.2502,                0.74644,                0.65694,                0.70488,                0.51751,                 1.0344,                 1.4362,                 1.4062,                0.00736,                0.00736,                0.00736
                     18,                0.93031,                 1.2743,                 1.2309,                0.79248,                0.72925,                0.79111,                  0.608,                0.88178,                 1.0315,                 1.2626,               0.007195,               0.007195,               0.007195
                     19,                0.90556,                 1.2504,                 1.2347,                0.79594,                0.67385,                0.75952,                0.59366,                0.83334,                  1.111,                 1.2375,                0.00703,                0.00703,                0.00703
                     20,                0.88591,                 1.2262,                 1.2239,                0.80628,                0.69257,                0.77271,                0.59714,                0.82603,                 1.0593,                 1.2184,               0.006865,               0.006865,               0.006865
                     21,                0.87757,                 1.2265,                 1.2165,                0.83205,                0.69395,                0.76425,                0.60068,                0.81309,                 1.0555,                 1.2222,                 0.0067,                 0.0067,                 0.0067
                     22,                0.86147,                 1.1716,                 1.2077,                0.78428,                0.72896,                0.78578,                0.60868,                0.84761,                 1.0096,                 1.2457,               0.006535,               0.006535,               0.006535
                     23,                0.87528,                 1.1529,                 1.2091,                 0.8424,                0.71469,                0.79903,                0.63046,                0.82141,                0.98635,                 1.2166,                0.00637,                0.00637,                0.00637
                     24,                0.86125,                 1.1542,                 1.2068,                 0.7923,                0.70554,                0.77901,                0.60058,                0.84849,                  1.049,                 1.2485,               0.006205,               0.006205,               0.006205
                     25,                0.83514,                 1.1128,                 1.1968,                0.85059,                0.71045,                0.79985,                 0.6321,                0.80501,                0.99106,                 1.2299,                0.00604,                0.00604,                0.00604
                     26,                0.83371,                 1.0865,                 1.1963,                0.86612,                0.73075,                0.81692,                0.65415,                 0.7969,                0.97677,                 1.2063,               0.005875,               0.005875,               0.005875
                     27,                0.81059,                 1.0963,                 1.1759,                0.87804,                0.76051,                 0.8431,                0.67487,                0.73654,                0.88172,                 1.1546,                0.00571,                0.00571,                0.00571
                     28,                0.79255,                 1.0621,                 1.1587,                0.86252,                0.71306,                0.80323,                0.64583,                0.76191,                0.99526,                 1.1873,               0.005545,               0.005545,               0.005545
                     29,                0.80114,                 1.0212,                 1.1629,                0.90749,                0.71029,                  0.819,                0.65764,                0.78258,                0.96805,                 1.1963,                0.00538,                0.00538,                0.00538
                     30,                0.79267,                 1.0176,                 1.1668,                0.86318,                0.75672,                 0.8331,                0.67314,                0.76057,                0.88993,                 1.1882,               0.005215,               0.005215,               0.005215
                     31,                0.78578,                0.97057,                 1.1543,                0.84849,                0.77946,                0.83979,                 0.6853,                0.69076,                0.85548,                 1.1305,                0.00505,                0.00505,                0.00505
                     32,                 0.7664,                0.97432,                 1.1494,                0.85454,                0.78133,                0.83663,                0.68697,                0.70033,                0.84137,                 1.1329,               0.004885,               0.004885,               0.004885
                     33,                  0.744,                0.96841,                 1.1363,                0.87794,                0.74232,                0.83289,                0.68835,                0.70439,                0.91726,                 1.1224,                0.00472,                0.00472,                0.00472
                     34,                0.74432,                0.93327,                 1.1405,                 0.8511,                0.78291,                0.84934,                0.70785,                0.69039,                0.79179,                 1.1026,               0.004555,               0.004555,               0.004555
                     35,                0.74602,                0.91031,                 1.1366,                 0.8664,                0.74943,                0.82362,                0.68356,                0.69073,                0.88686,                 1.1222,                0.00439,                0.00439,                0.00439
                     36,                0.73473,                0.90107,                 1.1294,                0.86502,                0.75978,                0.82557,                0.68344,                0.70263,                0.85863,                  1.122,               0.004225,               0.004225,               0.004225
                     37,                0.73827,                0.91206,                 1.1261,                0.89158,                0.78915,                 0.8553,                0.70856,                0.68239,                0.77668,                 1.1098,                0.00406,                0.00406,                0.00406
                     38,                0.72199,                0.89061,                 1.1151,                0.86587,                0.81066,                0.85693,                0.72359,                0.67991,                0.77847,                 1.1146,               0.003895,               0.003895,               0.003895
                     39,                0.70355,                0.86348,                 1.1088,                0.90675,                0.77558,                0.85084,                0.70831,                0.68912,                0.80846,                 1.1146,                0.00373,                0.00373,                0.00373
                     40,                0.70867,                0.85668,                 1.1158,                0.89072,                0.76504,                0.85377,                0.71327,                0.68229,                0.79643,                 1.1195,               0.003565,               0.003565,               0.003565
                     41,                0.70698,                0.84928,                 1.1083,                0.89973,                 0.7868,                0.86676,                0.72652,                 0.6754,                0.77122,                 1.1064,                 0.0034,                 0.0034,                 0.0034
                     42,                0.68714,                0.82246,                 1.0981,                0.89125,                0.76448,                0.85493,                0.71807,                0.65609,                0.77556,                 1.0929,               0.003235,               0.003235,               0.003235
                     43,                0.67749,                0.79995,                 1.0874,                0.90153,                 0.7709,                0.86144,                0.72612,                0.63491,                0.75143,                 1.0687,                0.00307,                0.00307,                0.00307
                     44,                0.67626,                0.78882,                 1.0967,                0.90931,                0.80575,                0.87308,                0.73932,                0.65102,                0.73497,                 1.0758,               0.002905,               0.002905,               0.002905
                     45,                0.67456,                0.79051,                 1.0892,                 0.9314,                 0.7749,                0.87152,                0.74255,                0.63498,                0.72585,                 1.0664,                0.00274,                0.00274,                0.00274
                     46,                0.66112,                0.77757,                 1.0848,                0.90338,                 0.8016,                0.87126,                0.73482,                0.64975,                0.73633,                 1.0837,               0.002575,               0.002575,               0.002575
                     47,                0.65725,                0.76531,                 1.0856,                0.87905,                0.79935,                0.85677,                0.72575,                0.65466,                0.78224,                 1.0893,                0.00241,                0.00241,                0.00241
                     48,                0.65005,                 0.7415,                 1.0767,                0.92775,                0.80681,                0.87102,                0.74022,                0.63125,                0.70752,                 1.0671,               0.002245,               0.002245,               0.002245
                     49,                0.64176,                0.72523,                 1.0739,                0.89548,                0.82076,                0.87872,                 0.7457,                0.63782,                0.71049,                  1.064,                0.00208,                0.00208,                0.00208
                     50,                0.50074,                 0.4749,                0.98989,                0.94295,                0.79827,                0.87508,                0.75441,                0.59219,                0.68629,                  1.033,               0.001915,               0.001915,               0.001915
                     51,                 0.4798,                 0.4427,                0.97017,                 0.8921,                0.84452,                 0.8792,                0.74923,                0.60868,                0.66152,                 1.0556,                0.00175,                0.00175,                0.00175
                     52,                0.47576,                0.43888,                0.96797,                0.91399,                0.81758,                0.87566,                0.75715,                0.60906,                 0.6972,                 1.0358,               0.001585,               0.001585,               0.001585
                     53,                0.45549,                0.41244,                0.95591,                0.91356,                0.83213,                0.88016,                0.76563,                0.59401,                0.66981,                 1.0324,                0.00142,                0.00142,                0.00142
                     54,                0.45356,                0.41929,                0.95728,                0.91297,                0.83521,                0.88511,                0.76975,                0.58659,                0.63584,                 1.0338,               0.001255,               0.001255,               0.001255
                     55,                0.43824,                0.39425,                0.94626,                0.91507,                0.83019,                0.88273,                0.76521,                0.59781,                0.65703,                 1.0366,                0.00109,                0.00109,                0.00109
                     56,                0.44624,                 0.3833,                0.95074,                0.95586,                 0.7989,                  0.885,                0.77053,                0.58407,                0.65067,                 1.0245,               0.000925,               0.000925,               0.000925
                     57,                0.42439,                0.37496,                0.94021,                0.93109,                0.81568,                0.88427,                0.77388,                0.57106,                0.64914,                 1.0119,                0.00076,                0.00076,                0.00076
                     58,                0.42585,                0.36979,                0.94495,                0.94533,                0.80532,                0.88386,                0.77051,                0.57577,                 0.6433,                 1.0138,               0.000595,               0.000595,               0.000595
                     59,                0.40185,                0.33848,                0.91887,                0.92683,                 0.8311,                0.88592,                0.77561,                 0.5849,                 0.6327,                 1.0263,                0.00043,                0.00043,                0.00043
